" -F478,S217+F4228,S4229"," -F478,S217+F4230,S4231"," -F478,S217+F4256,S4257"," -F478,S217+F392,S391"," -F478,S217+F4200,S4201"," -F478,S217+F485,S224"," -F478,S217+F591,S332"," -F478,S217+F112,S370"," -F478,S217+F310,S311"," -F474,S475+F4249,S4250"," -F474,S475+F227,S228"," -F4351,S4352+F447,S448"," -F4351,S4352+F254,S255"," -F4213,S4214+F503,S504"," -F4213,S4214+F198,S199"," -F4349,S4350+F445,S446"," -F4349,S4350+F256,S257"," -F4237,S4238+F472,S473"," -F4237,S4238+F229,S230"," -F4215,S4216+F501,S502"," -F4215,S4216+F200,S201"," -F212,S213+F491,S492"," -F4310,S4311+F401,S402"," -F4146,S4147+F140,S141"," -F4313,S4314+F409,S410"," -F4308,S4309+F406,S407"," -F4259,S4260+F397,S398"," -F4315,S4316+F413,S414"," -F4317,S4318+F426,S427"," -F4262,S4263+F419,S420"," -F4252,S4253+F417,S418"," -F4319,S4320+F433,S434"," -F4304,S4305+F430,S431"," -F4197,S4198+F137,S138"," -F4148,S4149+F145,S146"," -F4143,S4144+F149,S150"," -F4141,S4142+F152,S153"," -F4204,S4205+F158,S159"," -F4194,S4195+F160,S161"," -F4139,S4140+F166,S167"," -F4152,S4153+F169,S170"," -F4137,S4138+F173,S174"," -F4321,S4322+F438,S439"," -F4323,S4324+F442,S443"," -F4266,S4267+F453,S454"," -F4300,S4301+F455,S456"," -F4246,S4247+F457,S458"," -F4298,S4299+F466,S467"," -F4269,S4270+F464,S465"," -F4244,S4245+F462,S463"," -F4207,S4208+F210,S211"," -F4209,S4210+F190,S191"," -F4190,S4191+F192,S193"," -F4135,S4136+F178,S179"," -F4133,S4134+F181,S182"," -F4211,S4212+F194,S195"," -F4187,S4188+F206,S207"," -F4156,S4157+F204,S205"," -F4158,S4159+F208,S209"," -F4105,S4106+F470,S471"," -F4296,S4297+F235,S236"," -F4271,S4272+F237,S238"," -F4242,S4243+F239,S240"," -F4294,S4295+F246,S247"," -F4240,S4241+F244,S245"," -F4328,S4329+F520,S521"," -F4274,S4275+F248,S249"," -F4330,S4331+F523,S524"," -F4185,S4186+F495,S496"," -F4217,S4218+F507,S508"," -F4160,S4161+F493,S494"," -F4107,S4108+F231,S232"," -F4162,S4163+F497,S498"," -F4219,S4220+F511,S512"," -F4182,S4183+F509,S510"," -F4221,S4222+F489,S490"," -F4128,S4129+F259,S260"," -F4126,S4127+F263,S264"," -F4332,S4333+F528,S529"," -F4290,S4291+F532,S533"," -F4334,S4335+F535,S536"," -F4278,S4279+F541,S542"," -F4234,S4235+F543,S544"," -F4336,S4337+F549,S550"," -F4338,S4339+F552,S553"," -F4286,S4287+F556,S557"," -F4281,S4282+F564,S565"," -F4178,S4179+F282,S283"," -F4224,S4225+F284,S285"," -F4166,S4167+F271,S272"," -F4124,S4125+F268,S269"," -F4122,S4123+F275,S276"," -F4120,S4121+F288,S289"," -F4175,S4176+F304,S305"," -F4170,S4171+F295,S296"," -F4118,S4119+F292,S293"," -F4284,S4285+F561,S562"," -F4172,S4173+F300,S301"
120.25,118.84,112.47,85.84,112.27,12.74,94.11,84.35,95.63,139.48,276.67,340.83,727.97,377.37,161.78,400.14,673.84,270.90,342.49,351.41,170.48,187.67,291.35,286.99,332.99,290.87,207.12,285.38,294.10,167.36,146.12,272.18,216.30,209.02,269.63,305.54,277.33,148.81,173.73,273.80,225.54,270.63,266.83,283.66,382.37,267.69,402.26,426.69,353.04,374.01,156.26,57.23,300.89,266.83,291.53,253.71,437.06,345.79,312.35,559.92,485.47,491.88,395.48,415.36,417.56,272.83,435.94,261.61,473.68,361.67,450.54,309.33,411.65,352.41,351.49,279.29,274.76,252.83,256.30,221.82,265.45,168.52,145.49,265.27,316.74,265.57,188.94,162.91,143.67,213.83,255.61,257.20,262.36,190.06,260.56,303.33,270.97,259.07
126.52,126.81,118.74,91.07,118.69,13.44,99.54,89.31,100.45,145.16,307.44,365.31,789.19,428.09,183.19,422.74,732.92,287.09,370.30,397.22,192.17,197.54,331.23,329.40,374.42,323.28,231.36,315.91,324.05,171.67,154.38,293.93,243.34,233.02,319.69,357.88,319.68,157.33,181.14,319.32,255.94,310.83,286.23,302.04,426.72,287.56,452.49,466.80,376.43,412.27,163.03,61.45,343.72,303.49,332.99,286.59,505.99,396.56,359.37,639.90,523.56,533.12,441.84,450.23,471.92,287.90,473.64,272.88,521.22,407.37,498.62,350.08,456.05,395.86,387.47,291.33,310.29,284.03,269.09,236.67,276.55,168.11,145.78,273.46,332.19,279.72,205.04,168.30,144.98,243.29,291.48,295.81,298.12,217.42,295.09,353.02,283.08,292.13
122.43,122.26,115.74,88.97,115.37,13.18,96.36,86.97,97.66,140.80,297.52,347.51,765.14,406.01,175.81,409.30,709.02,277.59,353.51,377.01,184.96,193.88,312.73,319.66,353.83,311.15,224.01,303.10,308.72,164.86,144.88,283.62,228.20,229.91,299.05,351.96,311.79,152.03,173.76,308.95,246.82,300.02,276.06,293.44,403.55,275.16,431.68,451.12,362.37,395.84,159.60,60.22,328.95,294.88,318.88,273.16,484.41,380.55,346.72,613.38,505.31,514.34,418.21,436.79,448.07,280.94,455.61,268.15,504.26,388.83,484.46,345.22,442.44,376.48,372.53,285.68,303.89,280.62,264.54,231.24,274.31,164.96,141.56,274.22,327.42,275.76,198.16,165.53,145.33,239.06,286.63,290.21,292.91,206.26,289.05,339.89,277.94,289.49
111.37,111.97,104.81,80.55,104.06,11.84,87.63,78.31,89.26,125.57,271.13,336.47,658.13,343.60,150.42,393.01,610.03,246.12,314.93,319.84,156.64,183.15,285.97,279.22,327.20,284.11,201.67,284.15,289.81,159.38,140.07,267.06,213.10,201.82,260.75,305.14,272.21,133.97,150.84,272.28,221.27,265.39,263.29,278.88,376.01,247.45,384.24,422.80,319.21,367.46,138.83,56.09,291.39,263.18,282.99,233.21,426.96,334.64,287.27,548.61,475.28,479.11,362.56,409.42,380.27,269.05,426.66,256.92,466.26,330.81,437.85,305.09,400.42,322.98,345.60,258.81,274.40,251.77,253.05,218.67,264.69,152.46,131.62,262.08,314.08,262.27,185.68,150.43,132.24,214.07,257.95,256.06,261.85,185.37,257.53,302.64,265.59,257.55
119.67,119.93,113.48,87.39,113.55,12.71,94.38,85.04,95.57,130.36,297.07,361.52,702.54,372.50,165.07,418.85,648.48,254.12,330.21,342.67,171.98,193.60,313.76,300.68,354.69,309.75,217.16,304.83,314.52,167.80,149.41,289.88,235.50,219.85,301.93,342.21,308.37,150.57,170.01,313.97,258.45,306.64,285.70,305.20,406.85,256.34,422.87,454.30,331.24,403.47,146.20,59.57,342.88,305.11,332.11,257.16,495.99,390.34,316.14,643.71,530.74,538.96,388.13,448.88,414.68,287.62,473.92,275.89,522.58,358.38,501.00,346.87,459.73,349.98,390.48,272.52,313.77,286.53,270.64,235.23,279.71,167.47,147.42,278.57,331.68,288.27,200.75,161.57,139.08,242.34,291.81,288.52,295.80,210.03,286.45,343.16,280.73,284.32
118.37,118.79,111.75,86.59,111.44,12.58,93.38,83.99,94.93,130.97,307.20,362.68,695.50,375.32,163.32,414.55,643.19,256.82,331.21,346.59,169.99,195.94,320.30,319.51,366.01,313.71,227.96,309.57,318.81,163.59,146.87,293.43,240.97,232.84,314.25,353.09,318.28,148.45,169.73,319.79,260.43,315.81,288.04,309.11,424.12,259.35,448.08,459.87,334.82,416.68,146.21,59.93,345.62,310.48,335.60,255.10,506.41,395.03,313.28,646.36,536.09,547.17,385.81,461.20,411.45,292.51,485.50,280.88,528.89,355.85,504.99,351.20,463.33,348.96,393.92,273.52,315.97,288.49,276.54,242.89,283.83,162.43,141.54,281.41,339.19,286.07,209.80,159.46,138.62,244.58,291.87,292.27,295.57,214.49,289.85,348.70,287.13,282.57
125.26,125.15,114.95,88.63,113.34,13.13,97.61,86.34,98.91,133.03,313.72,367.72,720.43,382.35,165.24,422.66,666.54,261.86,337.97,355.50,172.75,196.10,318.73,321.76,367.58,314.57,228.24,311.29,321.17,172.31,152.51,300.68,243.04,235.58,317.43,357.08,316.35,152.82,173.62,322.29,260.91,311.28,288.98,311.28,428.25,263.57,459.45,474.00,342.62,423.75,147.83,59.45,343.96,307.05,332.86,259.18,509.14,399.63,321.65,659.28,553.47,563.03,400.10,490.09,425.01,310.05,507.62,292.62,544.70,366.04,532.50,357.06,479.06,360.08,409.49,277.28,327.50,299.05,294.44,260.17,301.54,165.38,144.36,310.46,370.92,313.65,232.70,167.61,145.51,257.11,303.59,307.29,314.39,239.71,318.21,378.49,316.29,314.99
128.00,127.93,117.17,89.37,115.77,13.31,99.90,87.77,101.02,133.54,304.76,370.29,712.34,381.42,168.47,425.66,661.33,259.91,336.72,353.86,175.44,194.37,313.10,301.90,358.69,311.52,221.08,309.83,315.57,174.21,154.28,297.96,233.73,220.11,301.47,341.35,305.51,152.70,171.38,317.95,259.95,306.94,287.81,308.15,418.16,260.85,435.95,463.56,339.61,411.37,147.66,59.98,348.42,308.21,337.69,262.62,511.18,393.60,326.50,666.50,553.33,561.26,393.90,486.23,422.58,307.17,506.41,289.13,544.79,366.78,536.13,356.79,485.23,359.19,415.12,275.90,329.44,298.20,288.70,255.36,297.72,174.48,155.62,305.65,358.41,314.69,218.73,169.30,144.88,258.97,307.23,304.67,314.09,231.01,310.63,368.28,306.70,311.75
116.72,116.91,106.47,81.96,106.25,12.21,90.76,80.20,92.07,127.74,275.95,338.03,684.87,353.46,153.45,396.24,634.49,251.92,320.13,328.58,160.44,183.46,285.01,272.99,330.16,284.24,203.12,286.05,295.93,161.73,141.37,275.38,215.85,198.23,257.20,300.48,267.50,137.66,155.01,273.02,221.89,264.73,265.53,284.04,386.59,253.75,393.13,431.70,330.04,373.78,139.53,55.21,297.58,264.19,283.70,239.39,438.65,342.88,294.52,566.64,484.66,488.82,373.82,424.51,392.85,276.64,436.15,260.15,468.53,340.20,455.22,307.70,407.05,335.11,350.75,262.10,277.59,253.84,262.45,226.34,272.08,156.89,138.37,281.87,332.62,279.57,198.67,156.09,137.50,215.38,259.06,261.87,270.23,196.67,265.92,315.59,284.45,270.88
127.96,128.14,117.74,90.44,118.12,13.34,100.01,88.62,101.02,143.02,309.23,358.86,789.32,427.23,182.14,421.30,732.13,285.56,362.78,394.22,193.20,195.48,311.53,326.58,357.98,316.29,230.00,308.16,322.18,171.44,150.20,298.09,234.75,232.84,306.97,359.59,314.10,156.78,177.30,320.06,259.07,309.89,283.17,302.94,427.97,284.13,452.12,473.00,374.60,412.75,160.52,60.78,349.04,309.37,336.94,282.65,522.15,403.64,362.42,652.10,527.18,540.22,433.23,457.67,461.30,295.44,479.89,278.70,523.36,399.91,512.01,362.07,459.32,391.00,394.84,289.83,322.80,293.89,278.88,243.97,286.57,170.58,148.40,298.56,351.04,297.39,217.58,174.09,150.51,249.67,302.01,306.96,317.43,232.18,319.90,373.90,305.94,319.26
132.67,132.97,120.32,92.33,120.78,13.77,103.88,90.54,104.84,148.01,323.18,374.07,826.00,443.36,187.48,435.19,767.38,296.71,378.47,411.38,200.05,199.32,337.58,337.67,389.36,335.37,240.13,327.34,336.94,174.29,153.80,311.35,247.88,239.29,325.74,367.62,324.24,158.52,179.50,330.33,263.66,317.81,294.21,312.70,442.32,298.19,462.95,485.80,390.52,430.69,165.25,62.09,360.51,315.53,344.05,293.77,533.15,415.62,374.70,675.90,547.36,560.58,455.60,479.42,484.53,307.69,497.87,288.25,545.33,419.20,535.04,365.88,483.33,408.56,412.00,294.39,330.97,303.07,285.98,253.67,295.52,174.59,153.17,305.38,367.86,308.35,229.04,175.99,151.39,262.42,314.71,319.17,327.64,246.27,328.37,389.85,315.11,327.93
134.18,134.44,120.78,93.21,119.60,13.85,104.75,91.32,105.66,148.32,322.35,377.46,808.83,435.82,186.51,438.65,750.95,295.92,378.01,402.33,196.86,201.31,340.91,334.51,390.24,333.81,237.95,326.20,337.79,174.89,152.90,307.83,247.89,242.17,328.97,378.15,330.32,158.34,179.43,331.48,265.36,325.22,296.56,309.06,437.90,290.97,460.31,484.19,382.61,426.15,165.87,61.74,359.85,315.96,344.18,290.51,534.64,420.84,369.56,673.25,558.00,564.86,447.99,477.56,478.62,314.05,506.67,294.75,561.37,413.28,543.02,371.80,494.34,403.37,420.84,297.76,336.34,314.65,297.24,262.44,303.41,172.50,153.39,305.15,373.58,314.23,232.66,176.20,146.62,267.33,319.72,333.04,339.00,252.29,341.90,393.33,322.90,333.69
132.89,132.99,119.67,91.68,119.44,13.79,103.46,89.89,104.57,143.06,313.40,355.91,786.33,423.84,181.17,418.98,725.13,285.80,364.64,392.02,191.77,196.39,320.45,324.22,365.02,321.58,226.88,308.35,322.53,174.93,149.38,299.21,235.77,235.28,306.92,365.61,319.89,158.22,179.54,321.10,258.42,314.48,283.00,296.74,423.57,280.86,450.80,472.56,369.52,416.60,161.13,60.90,347.89,308.13,334.88,281.30,517.17,405.96,357.89,651.78,538.12,545.65,434.59,461.71,464.94,298.26,486.03,280.36,538.24,401.00,516.87,359.81,471.98,389.87,397.28,289.98,322.74,303.48,279.32,246.09,289.45,173.72,152.05,295.73,354.75,298.52,218.59,176.46,149.11,255.30,309.32,320.09,327.88,234.87,327.07,374.09,310.81,323.66
119.79,120.90,108.75,84.07,108.66,12.65,94.12,82.27,95.10,129.14,268.05,341.43,676.98,350.87,152.71,398.02,624.61,253.35,321.56,325.87,160.00,184.14,282.42,269.83,325.39,280.60,195.94,281.16,291.90,164.70,141.02,269.79,211.64,194.77,254.06,302.20,267.07,139.02,154.96,267.61,215.47,260.18,262.50,277.80,378.17,252.52,385.14,428.60,327.17,369.00,141.17,55.73,288.95,256.61,275.94,237.93,423.20,335.19,292.64,542.71,477.58,475.86,366.76,415.72,387.48,277.02,427.68,262.11,463.54,337.37,441.80,304.57,399.18,330.50,341.44,262.81,268.44,253.10,263.94,228.45,272.74,163.05,142.92,277.79,332.97,277.53,200.50,160.56,136.36,213.29,256.85,263.70,267.87,195.77,268.55,308.37,287.30,265.24
130.91,131.72,119.17,91.93,118.79,13.53,102.48,90.24,103.54,134.48,300.63,372.47,720.63,387.97,169.33,427.59,666.34,264.25,341.39,359.79,176.69,194.91,311.85,297.09,356.79,310.28,214.49,306.54,320.52,176.53,153.84,297.14,237.60,217.75,296.80,340.21,304.15,156.77,176.88,315.10,255.50,309.55,289.77,309.47,414.15,264.38,426.15,462.15,341.00,411.84,149.35,60.83,346.92,305.69,331.06,263.09,501.87,394.71,328.58,654.46,542.91,548.28,400.29,472.35,425.81,304.36,495.98,287.70,538.44,372.16,521.32,351.40,484.24,361.07,406.97,277.00,322.44,305.90,286.93,254.60,295.92,177.01,160.07,300.59,356.97,312.36,218.92,175.54,145.32,254.50,302.33,309.92,321.35,229.08,310.65,365.74,307.89,309.65
130.69,130.87,118.28,90.88,117.78,13.64,101.99,89.15,102.67,134.69,315.29,372.10,721.16,381.14,165.05,427.99,662.88,263.07,339.93,355.71,172.09,199.26,314.38,313.98,364.28,309.43,220.88,311.28,318.29,174.52,151.52,293.77,245.77,229.94,311.10,355.75,313.53,155.45,174.48,317.61,258.32,308.51,292.93,316.11,430.34,263.07,471.46,482.16,340.11,422.69,148.74,60.25,345.51,304.78,330.30,257.03,516.25,401.07,315.70,668.36,556.32,559.06,401.14,482.29,426.80,307.67,508.95,286.62,556.72,370.12,531.45,362.77,481.52,357.81,414.04,282.00,323.24,300.28,291.98,261.61,304.69,176.17,148.61,305.50,369.61,314.34,231.88,174.50,150.46,248.49,296.22,304.84,316.58,234.20,313.48,364.06,318.82,309.10
131.29,131.05,119.46,90.98,118.50,13.63,102.65,89.72,103.47,133.89,302.20,369.02,713.21,381.48,166.51,422.92,659.76,263.91,338.95,353.43,173.10,193.97,306.71,294.72,349.36,300.56,212.05,302.10,308.45,175.04,152.59,285.01,236.18,216.69,296.27,342.02,305.19,154.51,171.35,309.87,253.66,299.26,286.45,310.85,404.93,258.58,431.34,456.09,335.58,400.98,149.43,58.73,345.98,304.18,337.71,259.02,501.76,396.07,322.76,673.66,547.97,552.47,393.59,472.84,420.62,299.88,503.48,280.87,549.81,366.11,532.26,355.40,484.86,354.24,416.95,279.22,325.59,300.93,286.49,251.98,299.72,182.95,157.14,298.25,352.81,308.38,218.27,172.41,145.55,250.54,296.54,299.90,312.40,231.74,309.29,358.32,305.83,310.91
120.49,120.37,109.35,84.20,108.52,12.63,94.20,82.37,95.51,129.36,275.33,343.39,669.42,347.33,150.85,399.60,620.05,251.55,320.71,323.75,157.25,184.91,281.25,273.45,327.05,278.58,197.44,282.00,288.79,163.16,140.99,267.58,217.45,198.23,258.25,308.72,273.20,139.76,154.27,272.04,220.75,262.70,267.25,285.75,379.88,248.17,391.45,431.44,320.53,370.71,141.47,56.53,296.87,263.82,284.26,234.51,438.31,339.42,289.96,563.71,487.05,483.05,366.74,417.10,386.95,275.70,434.71,255.30,474.08,336.27,454.64,312.13,409.71,328.42,353.68,264.33,274.04,255.96,263.35,228.68,273.65,166.59,140.92,275.61,331.44,277.55,197.83,157.85,139.32,211.08,255.45,261.90,269.57,194.83,266.17,306.17,285.58,266.20
132.33,131.14,119.46,91.67,119.68,13.64,102.85,90.00,104.15,142.79,314.63,364.31,792.51,427.21,184.60,425.77,735.76,287.86,366.25,394.58,194.95,196.97,322.41,323.37,364.21,318.12,231.32,312.18,318.47,171.99,147.85,293.29,241.89,235.96,306.18,366.01,320.86,154.79,173.05,323.94,261.63,314.50,291.29,312.59,436.43,283.39,463.40,476.83,370.85,416.67,162.19,60.66,353.96,310.50,338.71,284.49,526.83,408.75,363.99,665.98,545.42,547.46,437.49,465.69,469.37,300.53,490.44,279.13,544.25,405.50,519.54,369.16,475.44,395.80,409.01,292.86,329.59,308.74,284.84,251.28,299.63,177.88,149.43,298.34,359.95,308.43,225.16,174.01,151.35,255.02,311.02,319.66,330.32,240.66,328.77,375.30,318.79,329.22
133.56,134.45,123.18,93.43,122.75,13.85,104.59,92.10,105.60,149.19,330.69,389.70,800.69,431.59,184.69,450.89,746.29,296.52,377.92,399.04,193.18,203.57,340.45,331.64,389.37,330.35,238.90,327.48,334.43,173.93,153.01,312.49,259.13,238.25,325.58,369.76,325.71,158.85,178.43,329.20,264.69,319.72,307.90,327.18,460.75,292.02,481.37,506.69,382.89,442.50,166.06,62.20,360.98,315.07,345.17,289.27,542.49,420.21,366.09,683.22,570.19,575.98,442.54,493.36,473.80,316.09,519.00,290.53,574.18,412.82,550.05,377.07,498.57,401.21,427.79,301.21,340.97,318.14,297.66,265.65,308.63,177.86,149.61,312.73,377.08,320.62,238.27,173.93,148.16,264.76,314.52,325.88,341.67,254.41,337.67,391.35,328.76,337.04
122.24,123.49,114.26,87.08,113.71,12.77,96.12,85.32,97.42,139.42,290.75,359.93,728.46,374.42,160.83,420.82,674.37,273.59,345.47,348.10,167.62,188.75,297.50,287.75,342.78,294.84,211.51,296.96,307.57,165.72,145.35,285.47,231.75,212.41,277.50,318.18,283.89,151.62,171.67,281.90,232.42,275.32,283.36,305.21,412.23,266.32,426.20,459.67,348.08,399.18,154.54,57.97,310.39,273.05,296.15,247.10,457.81,353.75,308.29,592.66,521.22,516.75,397.41,451.95,415.90,291.71,466.34,272.02,503.74,362.45,477.23,323.10,435.01,355.42,374.54,281.30,291.89,273.42,277.95,242.75,292.44,171.08,144.12,294.33,357.29,300.21,216.68,161.21,140.92,227.28,269.14,278.00,290.63,214.32,289.63,329.42,312.29,289.10
127.72,128.94,115.04,89.39,115.85,13.50,100.38,87.94,101.07,135.70,271.36,337.66,701.55,362.63,156.98,393.92,651.15,264.52,336.14,336.67,162.69,189.94,265.04,257.55,310.48,262.85,186.02,261.99,279.54,176.54,149.89,261.30,210.61,189.78,245.99,289.88,261.96,155.63,183.01,260.23,216.46,257.62,255.81,276.86,373.59,256.23,388.22,426.88,332.07,368.36,151.14,57.99,292.46,255.80,276.70,243.35,427.75,334.27,300.63,555.11,488.60,491.47,382.13,425.17,402.63,281.79,446.39,262.17,480.71,346.97,446.72,311.15,408.35,344.48,356.83,277.78,273.03,259.79,267.01,231.94,283.71,179.97,152.08,285.12,341.87,288.51,206.11,166.48,143.43,216.04,256.43,264.68,272.67,206.23,278.70,312.68,300.69,276.12
136.59,136.46,121.62,93.95,120.96,14.13,106.88,92.22,107.68,145.25,304.90,371.68,783.73,421.68,180.76,428.67,728.50,289.15,370.35,391.08,189.40,202.74,299.13,293.27,353.86,292.15,209.24,292.47,307.37,180.93,154.03,286.15,236.13,212.94,285.80,333.93,297.09,160.02,183.53,298.62,245.11,293.06,279.16,302.90,426.30,281.22,437.83,479.05,367.49,411.66,162.62,61.12,336.36,290.17,320.40,278.76,500.29,388.49,355.57,637.01,534.72,543.55,431.22,468.31,461.93,309.62,499.32,280.40,545.73,400.42,516.80,359.75,473.28,390.79,407.74,297.52,320.29,304.54,288.73,253.80,303.76,181.85,153.66,305.37,365.19,310.89,230.38,178.81,152.27,254.39,302.93,315.47,323.30,248.44,331.23,376.59,323.24,325.55
132.38,132.97,117.01,90.49,116.07,13.73,103.66,88.38,104.59,142.00,300.16,350.16,769.64,415.80,177.91,411.80,712.94,282.25,360.10,383.45,186.41,197.32,289.48,287.43,337.31,287.34,206.28,282.73,295.96,174.61,145.43,278.44,225.18,211.79,272.28,332.11,293.89,155.08,178.59,296.75,241.84,285.39,272.85,293.83,410.08,275.13,429.07,464.84,362.47,400.49,160.12,60.62,333.51,288.92,316.30,274.52,499.18,385.91,349.25,631.18,526.34,536.47,425.07,458.40,454.92,301.43,489.77,274.83,536.07,393.76,504.59,359.10,461.17,381.90,393.68,292.99,312.98,297.21,278.02,243.83,291.59,179.06,149.06,294.64,350.27,304.89,221.88,176.64,151.29,245.26,300.87,310.11,317.79,236.77,323.30,364.25,315.79,319.94
120.76,122.04,106.62,83.11,107.00,12.46,95.03,81.15,95.79,127.53,263.56,334.29,645.68,336.29,148.11,388.11,599.41,247.22,314.29,312.89,152.45,185.50,258.09,246.64,306.79,256.81,182.11,261.82,275.60,167.66,141.78,256.60,205.94,181.25,236.77,288.40,255.20,141.49,159.15,257.43,208.79,250.40,254.99,275.76,361.95,240.11,374.30,420.67,310.05,357.27,140.31,56.06,279.21,249.26,266.02,229.30,420.88,326.50,282.24,540.88,470.08,473.52,356.31,409.47,373.19,272.72,429.93,253.42,468.76,324.64,432.84,304.79,400.64,319.74,340.59,265.08,262.55,250.08,259.85,223.62,273.51,166.55,140.32,273.62,324.26,275.25,197.17,162.07,140.27,209.72,250.40,259.04,263.32,197.09,264.40,303.19,285.86,264.25
130.91,130.89,115.25,89.23,114.65,13.42,102.29,87.71,103.36,131.66,284.58,355.29,695.02,372.07,163.06,407.52,644.24,258.63,335.29,345.00,169.30,194.62,277.82,263.94,324.66,273.34,193.32,276.62,290.28,177.75,152.63,270.25,222.06,195.16,267.07,313.23,278.41,153.27,173.35,290.09,239.54,282.36,270.83,294.00,388.61,252.05,405.34,440.18,325.76,385.67,146.54,59.17,328.92,284.22,313.58,252.59,479.39,369.10,314.04,633.14,524.22,533.57,386.58,460.02,412.39,299.39,492.73,273.99,531.69,357.78,503.52,350.59,469.71,349.49,398.02,277.49,317.86,300.21,278.37,244.42,291.83,181.66,156.18,292.05,341.33,303.64,212.96,172.59,145.96,245.92,294.77,299.76,309.13,225.70,306.67,352.89,299.43,303.67
131.19,131.46,114.29,88.91,113.83,13.33,102.27,87.01,103.65,131.32,296.50,356.02,700.76,373.87,162.60,404.97,651.10,260.19,336.76,347.59,167.03,199.48,281.50,281.93,333.07,277.48,198.28,278.46,288.81,175.53,149.49,272.03,225.74,207.06,279.96,325.53,291.67,154.57,177.32,294.87,242.82,289.25,272.00,295.79,402.21,254.54,426.23,452.83,329.56,398.26,146.30,59.93,330.21,291.68,316.37,252.07,494.26,381.33,310.12,628.80,527.39,539.51,389.29,464.06,414.92,300.64,494.50,274.42,534.43,358.82,508.69,355.43,467.61,351.46,399.62,280.43,312.11,292.39,282.29,250.15,296.02,178.61,151.01,291.20,349.29,300.86,222.70,174.88,149.08,245.99,291.62,300.26,307.36,234.90,311.80,356.43,308.79,304.59
122.49,123.65,116.77,88.61,115.40,13.01,96.87,87.06,98.23,135.88,268.75,329.81,671.73,351.80,153.89,388.63,618.33,258.58,329.37,327.86,159.94,191.53,279.70,278.85,317.58,278.74,196.10,275.02,287.75,169.53,150.70,264.51,210.59,202.76,261.99,299.04,271.29,151.12,176.35,267.74,219.84,265.23,258.12,272.38,365.69,253.76,383.26,409.68,323.45,359.18,155.46,58.04,291.81,259.95,279.18,239.96,422.49,332.77,292.40,541.76,463.73,470.89,363.06,396.41,384.61,258.48,415.59,249.52,455.48,335.28,430.17,305.08,394.56,327.44,334.69,280.62,262.77,242.65,245.99,211.47,256.69,170.20,146.71,254.21,304.10,252.72,179.52,163.92,143.52,206.69,247.88,249.42,255.76,178.99,248.28,293.31,257.62,248.23
130.48,130.44,123.97,94.37,124.11,13.95,102.67,92.89,103.75,145.22,292.40,348.65,753.15,409.98,175.70,403.67,700.64,282.88,363.17,379.14,184.48,204.18,305.50,304.16,346.26,296.05,213.17,294.14,301.43,178.68,158.18,274.83,221.84,215.92,290.49,330.16,296.95,159.69,183.37,296.29,236.75,287.49,265.95,279.95,394.03,275.60,411.25,437.79,360.79,383.69,165.14,63.03,318.83,280.54,304.58,274.50,469.19,371.86,345.17,592.92,487.54,499.70,422.12,417.59,450.05,267.97,440.66,256.84,488.96,389.53,463.32,333.80,422.60,379.15,359.45,296.55,286.58,266.74,254.60,220.47,262.21,173.51,148.80,260.75,311.62,260.63,191.25,171.24,147.11,230.07,275.66,278.33,283.45,204.83,278.58,331.23,266.87,277.15
127.16,127.51,120.93,91.63,120.44,13.61,100.00,90.39,101.72,141.17,283.14,332.97,733.00,394.16,174.61,391.16,678.55,276.65,349.67,364.46,182.94,199.35,289.61,291.63,327.26,286.82,206.89,282.05,291.87,174.33,151.94,264.95,212.96,208.99,269.69,318.06,282.18,153.59,177.52,284.14,225.93,274.77,258.73,273.70,380.14,272.91,401.31,424.34,354.36,367.55,159.20,61.09,307.28,270.99,294.57,268.87,450.30,356.05,336.12,572.51,479.01,488.26,402.16,405.27,431.39,261.27,426.76,251.75,473.32,373.24,447.42,327.42,412.11,363.04,351.51,289.78,281.41,259.51,248.68,213.39,256.67,170.54,147.07,257.68,307.87,258.14,186.41,165.79,145.28,220.39,269.41,269.03,274.56,191.69,265.95,314.49,265.13,268.14
118.34,118.80,110.02,84.79,109.92,12.63,93.04,83.02,94.12,125.25,246.92,308.86,632.02,332.59,147.63,362.13,586.68,241.58,308.28,309.13,152.65,183.81,255.20,249.82,291.64,248.14,178.77,252.53,262.46,168.51,146.94,238.86,188.30,176.95,232.23,268.55,244.67,138.85,160.54,244.40,194.57,238.09,234.28,246.36,331.06,239.01,340.51,378.81,306.44,325.69,139.88,56.61,264.77,233.26,254.00,229.13,384.93,306.80,281.26,490.20,421.38,425.44,345.97,362.22,367.98,239.61,380.49,231.40,411.42,317.81,390.79,285.38,354.54,311.87,304.42,261.02,245.53,228.36,230.24,195.50,236.51,161.64,139.00,236.99,282.44,233.68,167.84,158.46,140.29,191.19,233.47,233.17,238.58,166.26,232.71,276.46,241.47,232.18
126.06,126.16,119.14,91.20,118.36,13.41,99.11,89.32,100.25,131.90,273.79,339.79,671.37,361.23,159.93,391.74,619.82,252.11,327.48,335.36,165.55,198.16,285.97,277.72,322.46,279.28,195.70,280.24,289.15,175.60,155.38,263.86,212.08,197.05,270.43,307.60,277.48,152.28,171.72,282.47,228.80,273.65,258.61,273.99,370.09,250.27,379.87,413.81,319.23,360.31,148.39,61.64,306.97,270.85,299.40,250.86,448.29,353.45,308.70,573.41,475.70,481.37,373.49,404.99,398.96,261.42,432.28,252.46,473.54,345.74,454.28,326.24,414.24,341.43,351.42,278.75,283.98,261.33,248.72,214.94,257.21,173.89,153.81,257.20,304.59,262.18,183.12,166.47,142.23,222.28,266.83,264.57,269.79,189.49,260.11,312.89,258.10,261.77
126.49,126.92,118.87,90.86,118.03,13.37,99.60,89.25,100.64,131.56,280.22,334.80,663.96,355.53,157.06,384.71,610.68,252.38,324.29,330.69,162.71,198.22,285.65,291.69,326.55,276.99,202.09,279.76,291.47,176.50,155.86,264.07,216.65,210.93,284.33,321.60,288.26,152.96,176.80,286.94,231.58,281.12,257.48,273.38,373.22,250.66,392.65,418.58,320.64,368.72,148.10,60.26,307.70,273.04,297.61,246.11,452.19,355.52,298.83,574.95,478.50,486.11,367.36,409.54,391.80,264.02,435.56,254.20,476.37,340.21,452.25,325.33,416.26,332.01,350.89,277.65,282.15,258.30,251.60,220.71,259.63,173.54,148.83,257.42,307.29,258.72,190.27,169.46,145.91,220.08,263.81,265.63,268.19,192.71,262.61,314.19,262.97,258.98
134.15,133.82,121.13,93.04,120.71,13.81,104.49,91.23,105.39,133.34,288.10,342.48,692.88,371.36,161.33,393.80,642.21,258.69,336.30,345.76,166.65,199.41,294.19,301.24,336.08,289.14,211.24,288.39,295.66,177.34,157.44,273.71,220.90,215.51,294.14,331.39,294.91,156.93,179.77,296.76,238.34,287.47,263.94,281.68,389.78,257.39,408.70,432.41,332.09,380.71,151.00,61.17,318.66,283.39,306.55,250.67,470.34,367.68,307.08,596.31,498.26,506.75,385.38,433.31,410.06,276.83,451.78,260.51,489.34,355.05,478.08,333.73,430.10,347.63,368.68,283.12,294.79,270.84,263.83,231.26,272.95,176.68,155.52,277.45,327.99,278.05,204.67,176.72,152.02,233.30,278.10,281.28,287.80,211.38,282.10,336.96,282.04,280.00
123.88,124.44,120.47,90.90,119.42,13.45,98.15,90.49,98.49,134.30,281.51,339.53,702.99,366.37,157.33,401.00,652.27,261.06,331.57,341.18,165.63,177.35,295.58,291.77,339.92,297.44,210.22,289.15,302.50,175.30,155.35,278.42,222.13,214.74,280.09,314.27,284.79,153.95,181.70,280.50,232.20,279.45,270.95,291.53,395.36,260.34,417.49,434.17,339.65,384.84,148.38,54.70,312.34,276.92,301.78,243.79,451.10,354.83,302.11,587.91,499.09,505.46,384.25,436.04,402.97,284.53,454.97,269.48,488.82,347.57,465.09,316.07,428.53,341.04,365.13,265.64,287.49,262.48,264.17,230.09,275.44,171.89,147.60,275.63,336.89,280.34,198.20,163.21,140.74,222.04,263.39,264.64,269.35,196.96,272.26,316.42,283.62,268.68
133.48,134.09,129.12,96.61,128.37,14.38,105.52,96.34,105.93,140.07,313.87,365.69,762.10,411.74,177.74,424.16,707.75,276.13,355.88,380.40,186.31,191.08,332.47,324.36,385.41,328.54,236.35,322.72,332.95,181.58,162.19,300.06,246.32,234.04,316.06,352.78,314.49,162.68,187.73,318.11,257.00,308.99,290.21,308.85,433.97,280.12,464.93,477.06,364.22,421.94,157.52,58.82,344.76,305.02,335.32,275.89,511.16,398.86,348.68,653.71,535.53,547.26,428.46,469.07,452.34,300.38,495.18,285.79,536.67,393.38,516.59,352.04,472.42,379.28,403.74,281.52,318.48,292.63,280.11,247.11,290.29,175.73,150.90,288.97,351.62,298.18,219.09,173.28,146.71,252.82,300.58,302.23,308.28,228.89,311.89,367.21,300.07,307.31
130.80,131.10,125.42,94.08,124.13,14.01,103.67,93.52,104.25,136.45,299.77,347.23,742.02,394.10,174.18,410.90,685.90,270.03,343.19,365.61,183.14,191.18,308.29,318.91,348.58,306.64,221.20,298.18,312.27,176.39,155.62,282.56,229.20,229.10,299.56,352.27,312.70,157.40,181.41,308.95,250.35,299.93,277.28,295.30,412.94,274.82,433.01,456.00,355.99,407.11,154.38,58.53,340.08,298.95,328.40,269.53,504.99,394.17,338.76,631.78,514.25,526.26,403.67,446.33,430.89,286.09,466.97,272.62,512.37,374.13,494.42,351.91,457.12,364.35,385.86,278.46,311.35,287.40,268.67,234.16,275.16,173.80,147.99,277.05,331.61,280.87,204.24,171.48,149.05,242.09,294.95,292.79,297.85,214.14,293.91,348.30,287.09,295.42
118.83,119.37,111.74,85.45,111.24,12.69,93.62,84.02,94.77,121.94,266.15,332.72,639.76,336.01,149.25,389.15,592.02,239.89,305.62,312.40,155.18,181.27,279.98,269.41,321.35,276.80,195.96,276.62,285.41,165.71,146.96,262.22,207.76,194.74,250.06,293.12,261.59,141.57,161.53,260.85,213.65,257.78,258.26,274.26,367.51,240.93,380.31,416.85,310.95,360.48,133.92,55.91,288.51,254.24,277.38,232.05,422.65,333.77,284.10,541.26,461.37,465.37,348.77,398.24,370.11,264.23,412.60,253.53,451.39,320.24,424.53,300.19,383.40,312.13,331.56,253.07,269.11,247.30,249.77,215.55,258.65,159.98,137.15,256.82,306.98,256.68,182.58,157.01,137.80,209.68,255.30,253.08,256.36,183.12,254.72,298.40,260.99,253.35
128.19,128.74,122.58,93.18,121.45,13.67,101.38,92.09,102.00,127.76,291.91,353.67,677.46,365.35,161.61,409.71,629.32,248.82,323.95,339.04,168.26,190.14,305.18,299.04,345.87,300.45,213.87,297.89,310.36,178.27,158.24,280.79,228.36,215.99,294.01,332.56,299.33,156.21,178.37,310.43,253.00,302.85,279.38,299.48,398.87,252.88,416.41,442.73,324.09,396.45,142.40,58.95,337.59,303.05,334.28,253.06,487.30,382.61,312.45,630.52,524.75,531.30,376.45,449.67,402.48,284.68,476.93,273.72,517.55,347.93,498.41,341.46,458.44,339.07,393.08,267.63,315.71,288.11,267.25,234.99,276.01,177.08,155.40,277.95,328.84,286.43,196.88,167.80,143.33,245.55,291.29,288.40,295.89,211.43,287.42,342.36,277.83,285.84
127.79,128.27,120.45,91.75,119.97,13.62,100.95,90.49,101.52,127.76,299.10,355.83,683.16,366.94,162.47,409.04,632.34,249.59,321.89,340.42,169.26,189.71,313.14,313.22,362.15,308.93,223.20,307.25,318.64,174.35,155.40,287.55,238.06,226.90,308.97,346.65,310.99,154.19,179.42,313.33,257.16,306.13,284.54,305.58,419.91,254.21,437.89,455.27,327.11,407.70,141.16,58.23,337.59,300.82,329.38,249.19,494.92,385.95,304.18,633.25,524.93,535.48,376.89,459.50,401.66,294.37,483.11,281.36,520.91,349.08,496.24,342.49,455.38,337.74,390.43,265.17,307.12,280.48,276.04,244.02,283.91,170.43,146.44,282.81,344.34,289.44,210.57,167.49,145.19,241.57,283.13,286.11,288.75,212.81,285.45,339.43,287.96,279.57
135.69,135.92,123.38,94.13,123.34,14.08,106.20,93.32,106.30,129.56,306.00,359.85,716.76,381.68,166.13,413.85,664.11,257.60,333.15,354.91,174.21,189.05,318.21,320.11,367.88,315.21,227.49,312.31,322.84,179.31,158.76,301.74,242.67,232.32,315.82,354.49,313.60,158.67,180.85,319.31,256.68,308.49,290.72,311.73,423.69,261.28,452.75,467.14,341.70,414.26,143.47,58.12,343.89,306.08,332.59,254.26,512.05,395.52,314.63,657.58,542.11,552.03,400.33,478.84,424.84,305.77,494.65,284.94,533.49,366.82,523.46,351.72,473.90,358.21,404.18,268.93,326.10,295.73,283.83,252.89,294.77,173.35,154.25,303.88,363.99,307.86,226.22,176.75,151.62,253.72,299.80,303.20,308.67,233.50,310.60,364.95,309.19,303.68
136.85,137.12,125.18,95.25,125.12,14.26,107.47,94.57,107.51,130.40,301.05,361.03,706.19,381.15,168.40,414.96,652.49,256.87,329.51,353.68,174.86,190.18,311.97,306.55,353.56,310.48,221.52,304.98,316.77,181.65,160.98,296.08,236.97,221.87,304.38,344.60,305.98,162.57,181.28,317.07,256.86,306.10,285.20,306.51,412.23,259.32,436.94,455.51,332.84,405.62,143.72,59.10,349.60,306.09,338.42,261.19,508.41,399.75,327.81,655.11,545.70,550.70,393.67,472.37,419.66,297.09,498.10,279.45,533.45,364.29,523.95,351.82,476.83,353.97,406.02,268.69,327.64,295.95,277.88,246.21,285.14,182.94,163.25,294.03,344.53,301.54,212.17,178.01,151.63,255.96,304.88,302.93,315.67,226.07,309.72,370.18,296.08,306.24
126.29,127.06,114.80,87.37,113.53,13.12,98.73,86.30,99.24,124.05,268.67,334.55,664.59,345.98,151.41,393.83,617.65,244.55,312.47,321.63,156.89,181.44,280.69,274.32,322.69,279.38,198.59,278.34,291.10,170.84,150.36,271.01,212.03,198.32,256.10,298.49,263.63,143.81,162.18,268.23,216.41,261.25,261.78,278.14,371.90,249.30,387.19,421.00,321.64,360.93,135.24,56.06,295.26,258.69,280.13,237.12,429.71,339.25,292.51,544.06,472.18,475.58,364.46,414.25,381.95,272.30,426.76,256.55,459.00,331.64,444.81,300.88,399.34,326.80,345.62,255.08,272.42,247.29,257.69,224.09,268.06,165.94,146.45,275.78,322.90,273.13,194.67,165.72,145.36,212.89,255.16,256.20,261.69,194.40,261.18,308.36,278.32,261.73
139.78,141.07,128.20,97.53,128.50,14.78,110.25,97.00,109.83,138.76,303.30,350.62,784.73,421.24,180.96,415.07,726.86,279.72,356.53,389.72,192.18,190.08,309.63,323.12,353.15,309.29,223.74,304.32,315.42,180.24,156.32,294.70,233.20,231.81,304.88,359.22,314.50,165.00,187.74,315.01,249.79,304.98,282.89,303.20,419.37,283.91,443.41,463.16,373.99,407.63,156.44,59.08,346.14,305.26,331.09,281.87,511.90,402.15,356.60,645.47,523.34,534.05,431.87,461.26,459.44,293.68,477.32,275.85,524.38,396.54,510.45,352.16,462.51,385.20,392.72,281.99,319.85,294.25,273.07,241.49,282.10,178.41,154.58,295.68,348.91,294.11,213.95,181.40,157.63,252.87,305.60,305.17,312.87,230.55,312.90,368.54,303.28,314.04
147.04,147.44,134.40,100.93,133.61,15.48,115.67,101.16,114.83,142.90,318.95,367.82,816.58,437.95,187.48,426.26,756.51,287.17,368.66,404.37,200.45,191.79,336.32,338.07,383.80,332.51,239.09,322.86,333.55,191.35,168.69,307.77,248.60,241.43,329.40,367.97,323.70,172.27,196.19,328.22,264.17,317.70,290.69,313.27,440.91,295.21,472.32,482.36,386.68,426.09,158.96,59.12,356.41,313.83,344.92,290.97,529.56,409.90,367.99,669.99,546.58,555.98,456.01,476.21,476.47,306.40,496.10,285.94,545.13,414.80,530.29,357.92,477.09,404.31,405.01,285.50,328.60,300.27,284.12,252.70,293.66,187.22,162.53,300.16,363.87,309.91,228.66,190.45,162.15,258.44,308.26,313.93,321.74,243.25,325.86,382.50,314.76,323.61
135.53,136.75,124.68,93.80,123.64,14.15,106.86,93.80,106.52,135.90,287.31,347.88,740.95,381.35,163.37,410.36,686.66,268.63,338.04,354.75,172.90,178.46,304.85,300.66,350.12,307.84,218.61,298.72,313.24,180.58,158.48,292.38,227.40,218.67,286.19,321.40,286.94,160.76,188.86,288.09,236.96,282.08,278.77,299.53,411.77,272.06,429.04,450.18,355.72,397.26,148.85,54.67,311.63,278.01,304.48,251.29,457.37,356.78,316.06,593.68,511.37,515.59,401.81,448.73,419.32,290.39,461.68,274.24,497.19,364.60,480.32,315.54,433.21,355.09,373.41,268.35,291.90,265.86,270.82,238.39,285.74,183.39,160.53,291.79,348.30,291.93,212.19,173.37,152.57,227.75,270.59,272.79,279.93,210.91,284.26,327.95,299.15,281.84
133.23,134.33,118.69,90.10,117.89,13.57,104.38,89.43,104.00,135.92,299.00,366.22,753.76,389.79,166.32,425.08,697.23,268.48,342.10,360.01,175.25,178.76,325.43,310.98,374.09,330.77,229.33,315.10,328.04,174.85,151.18,307.63,242.03,228.03,299.82,342.78,304.18,155.16,180.63,298.02,246.94,296.90,299.56,317.97,426.27,272.98,450.37,469.54,357.74,414.37,149.29,55.39,331.41,292.94,317.12,255.60,484.13,377.73,320.96,629.51,538.12,534.64,407.37,462.54,431.67,300.33,478.48,284.49,522.86,374.82,499.05,326.02,458.23,362.46,388.80,267.99,302.07,279.36,282.65,251.98,296.17,181.68,159.83,299.73,363.86,305.16,217.97,173.71,147.31,236.96,278.19,286.69,295.27,220.25,301.76,338.52,312.11,292.78
147.15,147.26,128.88,97.95,129.16,14.87,114.96,97.32,114.36,144.56,335.25,388.65,838.28,446.62,189.86,446.06,773.84,293.06,375.65,414.02,201.80,193.63,350.88,350.28,406.45,350.46,246.80,338.95,347.52,182.44,159.75,320.33,258.89,253.50,343.55,391.73,344.68,166.30,190.08,343.06,276.42,335.33,310.74,329.39,467.77,299.43,500.37,505.58,392.48,451.48,160.88,60.35,375.87,333.10,364.03,294.46,553.93,435.08,374.15,700.87,581.37,588.23,471.52,501.46,490.77,320.24,528.77,302.42,583.00,425.37,559.62,375.44,511.18,411.61,434.23,288.53,346.78,323.09,301.33,270.02,310.23,189.99,166.31,312.24,382.03,324.43,239.57,190.10,158.53,275.05,323.93,335.52,339.35,254.58,344.16,396.31,328.94,336.87
142.30,142.27,126.87,96.10,126.92,14.58,111.26,95.72,111.37,140.55,307.90,356.59,805.12,431.03,184.08,420.12,744.30,284.50,363.15,400.61,195.66,191.48,324.42,331.53,367.52,326.40,233.70,312.50,319.22,178.91,153.54,300.09,237.81,239.11,310.91,376.91,330.99,162.50,184.34,323.84,256.01,318.08,288.87,301.41,426.57,293.21,452.95,468.54,386.43,413.67,157.31,59.64,351.76,315.42,341.58,284.36,524.10,408.91,360.39,658.12,536.24,543.54,442.49,468.72,471.34,301.12,487.64,282.03,540.34,407.57,520.39,361.20,475.72,391.73,405.63,283.96,328.52,306.19,284.90,250.17,295.72,181.47,158.11,298.71,362.62,307.69,221.64,183.90,154.68,258.74,311.54,320.25,329.28,236.15,329.91,377.98,316.67,325.82
125.95,127.75,113.64,86.98,113.12,13.28,99.38,85.67,99.95,124.80,273.45,340.96,672.23,349.00,152.87,395.82,622.53,248.14,314.91,324.64,158.62,180.72,287.24,277.43,332.61,285.48,202.54,284.01,291.90,170.30,145.91,275.36,214.10,203.36,262.06,312.94,277.33,143.22,160.93,274.53,220.29,267.94,264.82,281.79,380.04,251.84,391.82,427.87,326.45,370.48,135.81,55.66,297.30,262.57,286.18,237.95,441.00,344.54,294.77,561.99,485.79,484.35,367.66,416.22,387.77,277.15,432.14,262.58,469.62,338.02,452.60,306.67,413.02,328.49,347.74,255.85,274.65,258.93,264.26,229.51,272.35,167.76,146.76,275.34,331.61,279.65,200.43,165.95,140.95,219.81,263.72,270.54,271.16,194.91,271.96,314.23,285.75,267.34
137.39,137.49,124.22,94.28,124.02,14.20,107.80,93.41,107.63,131.01,306.09,367.98,724.09,388.57,169.69,421.88,667.92,259.69,336.42,358.31,177.07,189.74,318.66,305.48,364.12,320.16,222.63,310.94,322.52,181.26,158.39,298.52,237.93,228.02,307.73,354.38,312.81,157.51,178.04,322.39,267.11,314.17,293.59,312.34,415.59,262.28,441.68,464.70,338.45,413.33,143.22,58.53,359.74,314.91,344.14,263.47,525.21,406.21,327.92,677.77,554.29,557.72,402.30,476.35,427.53,307.27,504.42,290.73,553.47,369.18,537.05,355.89,492.50,362.42,419.99,269.83,330.94,305.66,287.22,256.98,297.07,184.71,164.26,301.08,359.95,314.52,220.90,178.56,148.63,259.57,307.47,314.07,322.28,233.36,319.53,370.32,308.12,315.95
137.62,137.93,123.93,94.10,123.04,14.30,108.06,93.25,108.11,131.20,312.23,368.76,725.74,386.43,169.60,421.45,673.94,259.77,335.18,359.47,175.68,191.16,320.20,317.85,371.52,317.80,226.08,314.98,322.44,181.44,157.49,300.50,241.63,233.62,319.09,364.12,319.37,158.96,181.80,320.52,258.59,313.41,291.27,311.36,427.65,265.65,450.43,474.87,346.44,422.58,144.88,58.56,348.65,307.85,334.63,259.85,512.94,402.56,321.97,654.03,549.54,553.51,403.08,477.71,426.65,306.95,500.90,291.21,543.02,370.25,521.39,352.84,477.81,360.55,405.19,271.43,321.41,297.81,289.07,258.30,300.35,177.88,156.10,302.08,366.40,310.86,229.56,183.42,151.89,252.76,296.55,308.79,314.01,232.22,313.15,363.09,314.29,305.15
136.80,136.69,122.56,93.61,121.90,14.14,106.96,92.82,107.46,131.33,324.21,379.35,745.93,392.37,169.05,432.45,689.11,263.03,340.07,366.18,176.77,192.38,332.22,331.61,384.73,328.80,236.53,324.65,332.00,178.86,156.38,309.22,258.55,242.77,333.69,384.15,333.21,155.81,177.07,335.60,270.15,324.07,308.12,332.01,447.07,268.57,474.21,496.77,350.82,435.76,144.81,58.52,362.58,322.77,349.85,259.07,538.46,413.70,324.07,695.25,573.28,576.00,412.76,499.56,438.03,318.60,524.50,293.21,567.86,379.99,548.38,373.43,498.88,367.25,431.06,273.04,338.85,310.87,298.43,266.90,309.35,181.21,152.49,310.78,377.10,321.58,236.35,175.11,151.59,258.83,304.72,310.79,323.22,239.67,318.81,369.22,324.17,312.11
136.63,137.82,123.46,93.89,122.72,14.15,107.30,93.30,107.34,131.94,316.15,381.96,732.21,390.43,170.69,435.80,677.93,261.03,337.79,362.12,178.84,189.80,332.72,317.21,381.10,327.45,232.20,324.30,328.70,181.38,157.79,307.46,255.15,235.25,318.76,373.16,325.08,157.25,175.91,331.37,272.11,320.20,308.90,331.88,438.73,263.53,467.90,483.60,342.42,433.55,144.42,58.77,368.66,324.44,357.44,263.85,541.64,419.74,330.65,711.16,576.62,579.67,407.23,490.65,432.07,310.83,513.98,287.94,573.87,376.48,553.53,376.44,505.30,365.18,429.06,270.64,342.97,317.88,292.20,259.89,301.95,189.42,161.94,304.75,365.32,319.48,223.06,175.16,149.83,263.81,314.48,318.00,331.41,238.27,324.09,375.18,313.38,322.25
123.38,124.07,112.34,85.22,110.48,12.84,96.64,84.09,97.63,125.54,280.13,349.27,688.54,357.53,154.15,405.65,638.48,250.12,319.25,331.43,160.26,180.99,297.40,290.17,345.41,295.95,210.67,295.38,298.20,167.40,143.98,280.02,228.60,214.00,275.12,328.43,287.93,141.12,156.64,290.17,232.79,279.23,277.38,299.43,394.89,255.95,405.43,445.61,329.74,381.32,137.05,55.23,312.07,277.28,300.72,240.08,461.93,358.07,298.31,593.22,501.20,501.02,378.12,433.17,397.15,283.92,447.08,263.42,486.71,345.86,469.50,321.30,426.11,337.17,363.95,256.46,287.05,267.73,270.20,235.82,282.07,167.17,140.52,283.97,336.24,285.41,205.56,159.34,139.74,220.34,264.59,270.13,282.47,205.24,278.40,321.01,292.31,276.70
137.89,137.76,123.40,93.96,123.66,14.30,107.63,93.10,108.01,142.51,328.16,376.82,822.96,438.77,187.89,444.56,764.05,286.78,365.41,403.89,201.06,191.34,344.32,353.36,392.94,344.04,245.56,325.29,336.53,173.22,149.27,313.31,259.15,253.91,333.20,401.92,347.59,158.54,178.93,345.55,279.11,335.18,306.98,331.79,459.43,294.86,488.85,505.02,388.53,440.14,157.57,58.47,378.16,336.04,364.33,291.99,555.11,433.49,372.62,713.69,575.94,580.43,453.15,489.22,480.26,311.04,515.40,286.07,574.91,416.05,553.37,385.12,499.64,404.29,428.48,285.35,340.99,320.80,290.56,255.51,304.99,183.21,151.62,306.61,369.61,316.83,232.91,176.45,154.11,265.32,320.83,327.58,342.89,246.91,338.60,389.69,327.42,339.40
138.78,139.45,123.95,94.74,124.24,14.24,108.66,93.64,108.81,146.86,353.73,415.09,843.57,447.78,190.52,473.84,782.84,296.30,376.98,412.30,203.40,194.16,377.44,376.93,439.34,371.48,266.06,367.49,372.74,175.73,153.84,344.16,287.41,273.51,375.50,429.53,374.38,156.20,176.20,373.58,301.94,361.17,335.97,362.51,502.98,301.66,525.59,544.65,398.12,480.67,161.48,59.94,402.34,360.16,392.30,295.06,596.98,466.46,375.84,769.77,619.42,623.60,468.81,533.09,495.28,342.36,564.21,312.07,622.00,426.61,603.76,405.19,547.14,415.68,467.32,289.21,369.98,342.12,314.33,281.72,326.64,182.40,153.52,325.70,397.45,340.86,250.97,175.15,149.42,284.06,333.19,343.30,360.12,270.01,358.77,415.20,344.47,354.13
123.93,125.47,110.87,84.35,109.84,12.80,97.24,83.13,97.75,135.61,313.04,384.16,750.57,388.13,164.39,448.53,695.25,269.73,341.06,360.78,173.30,178.50,337.75,319.21,391.52,341.47,238.43,332.85,340.41,160.48,140.43,320.06,258.11,237.90,311.87,355.45,317.14,145.12,166.72,313.51,258.79,304.68,312.71,337.69,448.62,270.06,479.73,497.50,358.10,443.02,148.08,54.27,345.52,307.26,336.47,251.53,505.32,395.04,316.94,660.36,573.29,570.04,406.91,500.71,427.37,325.52,515.07,303.00,553.28,371.07,529.00,344.50,481.65,361.27,418.41,267.69,320.70,296.03,303.81,267.45,321.84,173.96,145.97,321.79,389.99,326.94,236.63,159.30,140.89,245.78,289.84,295.06,310.04,231.84,311.30,351.31,335.03,305.26
119.22,120.60,106.91,82.33,106.40,12.40,93.77,80.84,94.78,132.79,309.46,385.20,739.06,381.77,162.21,447.40,685.74,265.29,337.24,354.83,170.57,179.93,313.40,300.41,373.72,321.75,228.70,313.69,335.62,161.91,136.78,312.29,252.56,225.76,295.36,342.12,305.92,143.72,167.49,302.92,257.41,299.89,307.60,340.49,452.79,266.03,478.07,504.40,351.97,440.20,145.40,54.26,345.31,305.60,333.59,246.77,506.30,390.53,309.63,658.25,569.06,574.58,403.56,506.93,426.82,332.86,525.97,303.99,561.09,367.56,528.34,348.86,488.96,360.10,421.49,267.49,320.35,299.00,308.01,269.70,326.31,167.51,140.43,330.55,396.82,334.05,242.14,156.32,135.76,248.52,292.05,299.02,311.72,240.64,324.19,360.39,343.11,315.28
133.62,134.30,115.96,89.48,115.39,13.54,104.33,87.90,104.74,143.65,352.64,413.42,834.43,447.13,186.81,473.12,775.50,293.09,376.25,412.04,198.07,194.68,355.09,347.85,429.94,360.00,254.77,349.29,360.97,172.20,147.00,335.61,280.29,258.87,348.90,403.39,353.38,151.24,172.81,357.51,295.77,348.79,331.17,362.07,505.81,295.52,533.92,555.92,389.85,485.09,158.45,59.29,401.64,350.72,385.96,286.41,600.35,462.63,368.36,768.36,629.12,639.40,460.93,556.55,490.16,362.86,591.04,326.99,643.04,426.15,611.59,406.90,566.21,412.03,480.67,288.58,377.72,354.74,333.30,296.98,346.56,177.58,150.01,347.92,416.44,360.97,264.01,171.65,147.24,299.65,350.92,362.03,370.88,287.99,382.92,434.70,365.44,374.22
133.73,133.69,115.80,89.55,116.07,13.73,104.41,88.19,104.91,139.15,333.27,383.35,816.06,434.99,185.82,451.71,760.89,284.55,360.71,401.60,196.04,191.78,332.07,333.37,391.32,336.07,239.45,324.76,333.67,171.48,144.06,308.74,253.33,246.33,322.89,390.98,339.46,150.00,171.79,342.24,279.60,334.55,306.28,333.70,465.27,287.89,500.44,516.39,383.38,453.24,154.46,58.86,384.94,339.47,370.46,284.68,575.14,442.68,362.55,729.42,586.02,596.59,445.42,519.30,476.48,334.82,548.48,303.20,600.59,412.86,574.19,405.21,530.02,401.69,452.15,284.33,364.74,343.91,305.06,272.58,324.03,178.53,148.75,326.56,389.98,337.27,246.88,175.06,150.39,280.38,336.00,348.09,354.68,267.28,364.37,408.55,347.31,356.96
122.35,123.10,106.99,82.81,106.48,12.61,95.73,81.20,96.62,124.71,285.69,355.51,687.03,358.38,154.82,412.37,637.22,249.56,316.94,331.23,162.05,180.20,287.31,278.80,341.20,288.14,206.12,286.88,297.75,166.77,139.33,278.10,227.80,208.68,266.39,323.35,285.45,138.25,157.42,285.35,235.12,277.72,276.00,302.60,403.96,254.66,416.45,456.93,329.96,394.48,135.00,54.50,314.37,277.72,305.88,240.41,463.16,359.05,299.39,597.95,515.49,517.96,379.96,450.64,397.52,298.70,474.28,273.40,507.87,344.43,477.37,323.57,436.27,336.34,377.26,256.34,289.46,275.45,276.21,241.57,292.02,167.04,139.21,292.25,346.77,296.76,212.84,159.57,138.29,226.68,273.71,279.83,285.99,212.60,291.26,330.57,305.38,284.19
134.22,134.46,117.03,90.32,116.42,13.84,105.24,89.02,105.74,130.64,310.60,383.93,724.66,386.98,167.30,435.04,673.61,261.13,337.25,358.34,175.32,190.04,307.89,292.31,366.19,308.79,216.53,306.98,317.54,178.68,152.67,297.83,246.73,217.91,297.68,353.05,310.78,153.37,173.59,325.60,268.67,313.55,298.88,328.54,435.92,259.53,453.61,484.36,338.92,432.21,144.20,57.75,367.60,316.53,352.54,259.42,532.14,413.38,324.30,698.11,578.97,587.47,401.78,506.29,428.72,327.14,543.18,299.58,587.72,372.78,555.72,374.15,517.99,360.34,446.53,271.36,347.95,325.49,305.70,270.03,319.00,185.54,158.46,319.30,378.29,336.16,232.30,175.37,148.52,270.56,318.87,323.51,337.50,253.64,337.51,390.53,327.91,332.02
133.24,133.12,115.52,89.15,114.78,13.58,104.08,87.74,104.93,130.28,321.04,386.74,731.44,387.12,167.91,434.85,677.25,261.62,337.08,359.45,175.60,192.73,315.48,314.10,377.24,316.46,226.86,312.78,324.54,175.46,149.24,305.98,254.50,232.70,315.98,367.84,326.83,150.81,172.93,332.21,274.00,326.62,304.80,336.27,454.60,263.33,474.37,500.49,343.65,442.04,143.01,58.25,364.25,325.48,353.87,256.04,546.68,417.24,318.88,704.18,580.74,592.43,404.94,512.76,429.96,332.99,543.31,303.29,586.54,374.04,552.43,379.57,511.69,362.66,438.43,271.77,346.65,322.16,308.03,274.59,323.68,177.30,148.92,321.63,384.36,331.49,243.37,174.11,147.31,267.19,315.23,323.82,334.66,253.11,339.52,387.97,339.31,326.74
117.05,117.28,112.40,85.54,112.14,12.62,92.48,84.47,93.36,132.12,254.98,311.24,689.09,360.63,154.95,369.64,637.85,256.08,325.78,334.55,161.47,178.96,267.49,262.57,300.87,266.84,187.62,260.11,269.60,164.02,145.26,251.98,196.14,189.53,247.34,283.40,257.30,147.08,173.79,254.04,208.57,249.73,243.79,258.87,349.32,254.08,362.30,391.47,329.88,340.01,147.71,55.01,277.34,245.13,266.72,239.85,399.37,316.37,298.36,514.32,441.72,446.92,375.34,378.83,396.30,247.57,398.93,238.53,428.48,341.53,407.88,287.33,374.42,333.33,321.84,265.63,254.02,232.72,233.90,201.64,244.15,162.14,139.86,244.04,294.09,246.05,175.66,156.13,136.64,198.76,239.55,240.20,246.10,175.00,243.35,284.53,252.16,243.17
125.83,126.00,120.20,91.82,121.44,13.48,99.01,90.67,100.14,140.42,289.03,341.43,754.16,407.61,175.03,394.87,699.92,278.04,356.50,377.32,184.37,194.13,301.86,295.41,341.05,291.65,211.40,289.37,295.49,170.32,152.73,269.14,218.26,209.50,284.81,322.36,288.78,154.74,177.73,290.03,230.80,282.19,262.13,277.92,395.20,276.18,410.57,432.94,363.67,381.36,158.55,60.27,312.50,273.69,299.51,273.04,460.40,361.00,343.78,588.11,483.85,493.78,420.60,421.74,449.86,269.25,446.16,257.33,485.69,389.59,466.13,329.11,424.15,377.24,363.63,284.81,288.59,266.12,254.72,222.29,262.13,166.20,143.91,262.25,313.83,263.20,193.29,164.08,142.35,229.66,274.72,276.18,280.58,206.95,279.47,330.77,270.07,276.85
121.14,121.39,116.31,88.39,116.00,13.08,95.48,87.31,96.81,136.26,278.69,328.27,740.60,398.90,172.29,388.26,688.77,271.11,344.92,370.54,182.20,188.92,287.16,290.66,322.19,281.84,204.10,277.43,287.01,166.02,144.98,262.94,211.84,207.53,268.18,319.69,285.08,147.54,168.91,283.50,227.81,276.32,257.69,272.91,378.48,268.91,394.16,421.79,351.38,372.32,154.72,58.79,310.39,274.05,299.24,267.79,459.78,360.71,336.60,579.31,482.92,491.47,406.77,412.65,435.91,267.15,433.83,256.69,480.29,379.18,455.54,328.58,416.89,367.55,354.73,280.49,283.94,263.12,253.34,219.47,261.40,161.66,138.07,258.36,311.42,263.23,188.21,160.32,139.80,225.33,272.67,274.50,277.51,197.02,275.27,323.95,269.02,275.03
110.79,111.01,105.20,80.51,104.88,11.86,86.98,78.82,88.42,123.97,251.94,316.50,639.90,330.04,146.74,371.52,594.54,241.08,306.25,307.40,152.05,178.03,262.52,251.98,299.22,257.88,184.39,260.53,266.96,156.92,136.76,247.92,194.13,180.99,234.59,278.03,248.60,131.91,149.61,249.77,201.96,245.14,243.24,258.83,346.44,241.17,357.59,398.17,312.47,342.08,135.79,55.28,272.70,239.80,265.20,228.24,399.92,312.10,281.61,511.58,441.83,445.38,348.77,382.33,367.42,254.26,398.33,245.13,429.66,318.95,411.18,289.49,375.74,314.56,321.30,253.97,256.18,237.01,240.83,208.21,250.64,147.73,127.93,250.18,298.75,249.38,178.53,147.84,129.87,200.71,244.74,244.11,244.79,173.31,241.83,284.13,253.85,241.18
119.58,119.40,112.50,86.63,111.67,12.64,94.02,84.56,95.33,129.49,274.89,339.84,677.09,365.00,162.64,391.56,628.03,250.89,324.86,339.71,169.35,187.95,287.84,281.55,326.28,281.68,200.88,282.40,290.42,162.46,145.72,268.53,217.10,203.36,277.90,317.28,281.65,142.57,161.73,292.75,236.61,282.97,264.27,281.26,375.91,248.68,389.63,419.49,321.23,370.34,144.16,58.24,317.27,282.95,311.03,250.87,455.36,357.92,309.40,596.71,495.04,500.43,377.02,420.35,404.53,271.71,447.95,262.58,487.53,349.99,469.56,327.05,430.41,340.79,367.28,269.19,296.83,271.65,259.25,226.79,266.89,160.47,141.62,265.20,315.01,272.51,189.28,154.99,134.21,228.16,275.53,273.26,279.75,196.12,269.01,326.50,265.41,272.00
117.28,117.05,110.45,85.05,109.78,12.37,92.04,82.84,93.84,130.08,289.26,343.54,690.99,369.94,160.64,395.29,639.81,254.61,327.99,344.06,166.77,192.35,297.84,301.28,340.22,292.67,211.16,289.52,297.78,159.88,142.80,274.70,223.19,216.69,295.94,331.69,297.84,141.24,162.00,297.86,242.07,291.69,271.51,289.68,398.28,255.51,410.94,438.55,331.04,385.62,144.86,59.05,321.11,286.15,312.74,247.82,475.90,373.50,304.75,605.95,505.95,513.28,385.66,431.89,407.38,280.04,457.96,269.76,501.78,353.04,480.33,337.41,444.00,343.27,372.43,271.69,299.80,271.89,264.49,234.84,272.04,158.50,136.98,270.39,325.76,274.48,202.10,154.29,132.27,232.20,276.95,279.28,283.29,204.66,278.31,332.15,275.67,272.09
126.11,125.99,117.35,89.28,116.41,13.31,98.60,87.97,99.61,131.18,291.54,340.63,713.58,379.08,163.12,391.85,663.12,258.88,334.99,352.36,170.80,191.00,290.43,296.66,335.24,286.98,208.90,285.16,292.79,174.47,153.57,275.89,222.56,213.64,291.94,328.50,290.90,149.38,170.55,296.21,237.88,288.13,267.08,286.52,394.28,258.71,414.70,436.00,336.86,388.96,145.86,58.26,322.00,286.57,311.45,251.28,476.36,370.24,310.69,612.18,513.57,520.71,395.07,449.70,420.05,285.98,465.59,270.07,502.87,363.81,490.73,337.18,441.98,355.70,378.65,271.86,303.34,276.25,271.88,239.61,279.66,163.05,144.19,284.23,337.28,286.75,212.12,165.00,141.71,237.39,282.81,287.42,294.14,218.83,291.60,349.88,290.31,288.49
127.93,128.02,118.72,90.35,118.61,13.54,100.25,89.20,101.05,131.37,279.57,340.48,704.39,377.05,165.81,393.96,653.33,258.95,332.48,349.72,172.69,188.68,286.48,276.40,324.75,282.24,201.79,281.26,289.59,172.62,152.87,270.86,215.94,200.66,276.00,313.31,280.75,150.30,169.71,291.05,237.32,280.59,263.28,280.79,375.31,254.50,397.51,424.76,331.17,373.73,146.25,59.27,318.98,279.27,308.05,257.77,471.68,369.29,316.82,610.31,501.62,510.33,390.04,432.71,415.84,279.28,456.48,263.47,498.66,360.63,487.29,328.18,442.54,352.98,375.65,271.40,297.88,274.12,261.77,228.32,272.78,168.27,151.22,280.63,327.72,285.33,200.77,165.39,141.19,236.40,280.53,281.62,290.89,211.79,286.49,341.71,282.00,286.30
118.04,118.13,109.72,83.98,109.08,12.43,92.05,82.46,92.94,125.76,250.65,315.35,659.65,342.03,148.21,371.32,610.19,246.39,312.11,316.37,154.57,179.30,258.24,252.09,298.00,253.59,183.62,256.60,268.79,164.79,143.75,249.38,193.11,180.80,234.34,276.45,247.45,138.03,155.98,248.76,197.81,241.39,241.17,254.83,345.02,246.54,354.57,390.03,317.42,336.55,136.78,54.96,271.69,239.02,255.98,231.38,399.56,313.33,284.81,509.38,439.16,443.49,361.10,381.17,377.98,252.54,391.61,237.71,427.27,328.74,412.12,286.21,369.88,322.04,315.53,255.59,251.96,232.98,241.73,206.93,251.42,154.72,136.93,260.23,305.64,254.43,181.62,154.32,135.36,198.35,239.98,241.62,249.62,177.52,243.45,292.41,261.11,244.65
131.82,131.63,123.56,94.18,123.61,13.98,102.84,92.94,103.27,140.31,277.19,325.17,773.55,414.21,178.59,383.79,716.73,279.40,356.03,385.58,188.42,189.69,280.28,287.12,321.22,280.88,203.00,276.88,283.36,175.20,152.48,266.09,209.50,205.58,268.49,314.68,280.77,158.53,180.34,281.04,227.12,271.63,254.34,271.27,375.78,280.58,390.51,416.90,365.95,366.03,158.79,59.56,310.00,272.95,298.26,276.20,463.33,362.77,349.96,578.58,476.71,486.85,422.66,414.97,455.21,268.35,433.55,252.38,472.65,391.12,460.09,328.57,416.18,379.20,354.93,282.84,289.49,266.57,254.81,219.61,265.20,167.94,147.41,272.61,319.54,270.39,195.48,173.19,148.10,229.74,277.87,280.48,286.65,207.59,283.41,331.74,279.70,288.72
137.78,137.81,126.68,95.85,126.49,14.47,107.75,95.09,107.76,143.68,287.11,338.52,788.01,425.85,182.05,394.18,733.77,288.37,368.94,393.74,192.23,193.96,299.93,295.63,342.16,293.29,211.49,289.45,294.82,177.48,158.01,275.03,219.12,211.92,284.11,323.72,288.63,160.75,184.55,293.51,234.16,284.24,261.01,277.68,397.72,289.82,408.09,436.07,378.70,380.01,160.82,59.77,320.80,282.37,304.60,282.08,473.29,367.31,357.32,591.21,489.88,500.50,439.05,422.67,465.20,272.69,439.04,256.98,483.53,403.22,472.48,328.46,421.74,392.62,359.81,289.15,291.93,270.96,259.41,226.15,267.45,172.72,152.92,275.85,327.29,277.06,203.95,175.82,151.73,234.23,279.70,284.80,293.10,219.84,290.38,344.54,283.94,290.66
127.48,127.71,117.11,89.42,116.85,13.34,99.90,88.40,100.00,135.24,257.04,311.57,730.38,379.65,160.83,369.04,676.66,266.21,338.10,352.38,169.65,179.45,262.39,260.57,301.06,263.15,186.01,260.64,267.60,169.93,150.48,254.30,196.37,187.45,244.91,279.78,252.24,154.70,179.99,253.66,205.76,246.61,242.16,259.12,348.95,267.29,368.44,392.50,350.21,344.42,149.50,55.36,275.48,243.72,263.79,248.44,407.37,318.12,311.16,522.06,447.43,454.01,398.22,389.63,416.44,254.62,401.83,241.13,435.96,364.58,420.89,290.07,379.71,354.73,325.66,269.26,259.45,240.94,241.38,208.71,252.13,172.85,150.76,258.53,306.49,256.52,187.20,165.85,144.07,205.04,243.95,247.16,254.90,188.19,255.98,297.83,267.23,256.88
129.14,129.36,115.99,88.31,115.70,13.26,100.85,87.17,101.09,133.74,257.40,315.23,729.44,380.08,163.03,370.21,674.29,265.03,336.77,352.95,170.73,181.11,265.45,262.17,302.16,265.71,185.07,261.79,270.99,169.09,146.47,255.54,197.68,188.46,247.23,287.49,256.70,153.63,178.73,255.20,206.85,252.64,244.99,255.12,350.43,265.71,361.74,393.08,348.56,344.56,148.94,56.10,280.70,246.10,264.90,250.22,409.33,323.60,315.47,519.72,450.77,449.75,397.33,385.75,421.59,251.80,403.76,237.09,439.42,364.32,418.52,290.55,381.67,352.54,324.96,270.30,255.66,241.93,239.00,208.11,248.35,173.60,152.25,252.55,304.16,253.65,182.04,168.37,141.64,201.26,240.84,249.06,257.08,186.88,255.61,291.20,264.47,252.73
140.67,141.33,127.98,97.04,127.30,14.55,110.34,96.10,110.25,144.67,287.89,342.24,803.25,434.70,186.68,396.64,745.06,288.83,368.53,400.58,198.16,194.65,301.48,296.48,344.28,295.32,210.93,291.89,303.20,179.03,155.95,274.99,220.94,214.12,287.22,329.18,291.27,160.64,184.87,293.19,232.39,284.59,263.78,277.04,395.75,291.42,412.57,433.45,382.49,377.81,160.52,60.29,316.31,278.46,301.04,288.27,466.53,364.41,364.62,589.81,489.68,497.58,446.26,419.28,478.28,271.11,444.32,255.28,490.52,415.40,472.78,330.24,430.75,398.60,366.08,289.20,293.61,276.16,258.30,224.94,267.50,178.64,157.14,271.50,326.21,273.39,202.84,182.65,150.33,235.80,279.39,290.27,296.81,219.16,295.52,341.55,281.64,293.25
138.45,138.68,124.66,94.81,125.14,14.39,108.55,94.27,108.66,140.90,279.00,326.04,774.34,417.70,178.93,382.77,717.77,280.51,356.59,386.74,189.32,188.95,283.70,284.74,319.02,281.13,202.86,275.41,285.79,176.08,148.98,266.50,210.18,206.37,266.24,318.34,281.02,159.66,180.46,279.90,222.66,274.03,257.77,269.76,374.23,280.17,393.23,418.23,367.66,363.55,157.88,58.18,301.68,269.75,289.13,276.36,456.93,354.88,350.12,569.31,480.36,486.28,427.43,408.11,456.95,263.54,429.29,251.05,479.32,395.24,453.66,324.80,413.50,384.23,354.15,282.77,283.25,267.61,252.38,217.92,262.25,177.66,155.13,267.72,320.28,267.93,192.54,179.90,151.40,228.28,275.26,284.02,289.72,208.19,287.57,330.25,279.01,285.61
123.01,123.38,110.75,84.93,110.20,12.82,96.34,83.48,96.97,127.20,247.55,311.93,674.04,349.18,151.29,365.49,624.20,250.30,316.78,324.57,157.74,179.12,258.42,246.37,296.85,255.60,179.42,257.81,262.75,166.56,142.34,248.51,191.82,178.31,231.73,274.92,244.97,139.45,157.33,246.18,197.27,239.94,239.58,251.30,340.90,251.26,348.65,387.25,326.14,334.19,139.10,55.20,263.75,235.27,251.54,234.10,390.70,308.74,289.89,495.78,434.35,432.17,369.18,372.83,386.77,248.63,390.58,235.93,420.20,335.79,400.18,281.62,363.58,329.10,312.83,258.29,245.70,231.55,240.34,204.85,247.69,162.40,144.37,251.03,298.33,250.06,179.79,161.37,136.74,193.80,234.77,242.45,249.10,176.96,244.78,282.91,259.63,244.24
133.53,133.29,120.43,92.04,120.91,13.74,104.32,91.25,104.82,131.46,279.09,347.27,714.42,382.86,168.06,397.24,661.64,260.13,335.79,354.10,175.28,187.47,288.62,272.33,328.54,283.29,196.85,284.77,291.98,176.81,153.71,273.26,216.46,201.54,272.48,316.17,281.42,157.44,175.38,287.56,232.64,281.83,267.70,282.97,379.23,257.76,396.08,427.07,335.11,376.88,147.04,58.64,318.25,279.57,306.15,259.83,465.12,365.35,321.65,603.57,502.78,507.85,396.69,432.88,422.40,280.92,457.99,265.40,493.83,366.55,475.93,328.88,438.58,358.48,371.22,270.50,296.19,277.46,264.17,231.30,272.86,179.62,161.12,274.88,327.73,285.31,198.52,173.30,143.47,233.65,280.25,285.06,294.52,210.00,282.24,333.60,282.35,283.52
131.41,131.33,119.79,91.58,120.09,13.55,102.50,90.42,103.17,132.20,289.24,340.56,717.67,383.61,164.85,389.72,666.79,260.67,336.82,357.13,172.59,190.45,290.33,295.78,336.94,287.17,203.69,287.66,294.33,176.28,153.63,274.40,221.99,214.73,291.98,336.27,297.02,153.74,175.74,300.37,241.81,293.51,266.51,282.24,390.94,261.99,409.06,432.65,341.02,387.84,146.15,58.78,319.17,287.25,308.86,252.61,481.74,372.49,314.11,608.61,503.82,509.71,398.81,437.37,426.07,277.82,462.52,263.10,502.62,369.22,484.58,336.56,446.04,357.33,373.41,272.71,298.90,279.94,266.09,237.19,272.96,171.02,150.30,275.31,330.65,280.78,208.00,170.48,143.28,234.27,279.43,287.20,292.02,215.02,291.50,338.03,287.02,283.99
133.49,133.25,120.11,91.76,120.00,13.87,104.40,90.85,104.71,131.95,292.71,345.25,712.34,378.24,163.05,394.18,658.62,258.76,333.98,351.92,170.35,190.41,297.15,295.59,340.31,289.16,208.68,290.62,293.41,176.30,153.09,274.14,229.79,217.03,294.79,338.57,299.78,154.74,175.24,300.49,243.99,291.51,273.00,294.46,399.12,258.70,425.87,440.82,335.51,389.89,146.97,57.92,326.02,287.08,313.67,251.47,477.56,372.87,311.82,619.25,516.00,519.52,395.85,440.91,420.08,281.27,467.46,260.94,510.61,364.63,492.06,343.51,445.11,354.11,383.32,274.25,305.33,281.13,268.03,239.33,276.17,179.73,150.42,279.31,335.01,285.95,211.31,173.14,149.17,235.85,278.80,287.50,296.10,218.05,292.45,340.07,293.79,287.33
134.66,135.20,120.96,92.22,121.13,13.85,105.58,91.39,105.72,132.29,285.42,349.87,710.42,379.83,165.98,401.12,656.21,260.03,334.25,350.62,173.02,187.08,294.42,278.86,337.14,288.22,202.01,289.77,293.73,178.07,154.78,272.99,226.37,204.58,277.88,322.79,285.12,155.14,174.54,292.89,238.13,285.31,273.66,294.81,386.77,256.71,405.78,435.85,334.02,384.53,147.59,58.06,322.41,284.23,310.36,258.25,471.14,367.57,318.63,626.76,515.65,517.49,391.99,443.80,422.12,285.63,468.40,264.70,507.62,365.96,491.92,337.77,445.36,355.41,385.43,272.14,303.41,284.70,268.58,237.65,278.69,185.50,159.43,280.29,331.68,289.05,203.30,172.98,148.11,233.13,280.96,281.09,299.66,213.05,284.46,334.41,284.08,286.71
121.80,122.06,111.06,85.05,110.49,12.64,95.08,83.47,95.85,127.57,253.25,317.35,666.39,346.39,149.83,367.31,618.61,249.14,316.81,322.72,155.83,179.89,261.66,254.66,300.56,255.40,183.44,260.13,264.03,165.18,141.62,246.24,196.91,185.91,240.74,286.99,253.14,139.57,155.04,252.02,200.72,243.12,243.41,261.34,347.97,246.50,360.03,394.80,318.89,336.46,138.70,55.21,273.04,240.00,260.13,232.93,403.72,314.99,287.68,514.99,441.36,440.72,367.30,379.03,387.36,250.50,394.64,233.13,433.66,335.46,411.26,289.49,368.78,326.77,317.30,259.65,248.36,235.51,241.65,207.20,249.56,164.56,139.91,249.79,295.96,248.20,178.88,156.56,138.10,194.76,237.20,244.04,253.16,177.24,241.81,282.55,259.08,245.04
137.47,137.14,122.42,93.26,122.58,14.27,107.37,92.35,107.61,143.21,283.35,331.58,778.65,413.47,178.25,386.41,722.50,285.15,358.88,382.13,188.69,188.01,286.40,288.39,323.83,280.84,205.10,277.94,283.41,172.89,149.19,266.33,215.99,210.71,271.34,328.41,286.44,156.37,176.63,283.15,228.16,274.24,261.80,277.89,385.83,283.06,402.65,426.22,371.02,373.30,159.99,58.68,310.53,275.53,298.42,276.77,458.36,355.98,353.36,579.17,488.57,493.00,429.67,418.61,455.99,266.81,438.75,247.20,487.39,393.16,464.61,333.18,419.55,384.22,361.00,285.70,290.34,272.02,253.84,220.98,263.69,182.86,152.00,265.41,316.00,266.31,192.44,177.15,153.13,221.97,271.14,276.42,286.34,208.65,280.91,322.67,275.09,284.43
139.80,139.49,124.24,94.38,123.83,14.32,109.09,93.65,109.05,144.10,293.65,349.17,810.67,438.33,185.44,403.86,751.36,289.61,372.11,404.93,196.33,195.13,302.27,299.32,345.25,293.29,211.10,293.37,295.41,175.43,153.13,276.80,230.58,216.99,292.36,333.81,294.41,159.77,178.63,293.57,236.33,286.53,272.57,289.43,406.85,291.85,420.86,448.64,386.00,383.30,160.01,59.76,321.92,281.06,309.43,286.82,477.56,372.68,364.39,606.32,497.74,505.66,452.37,430.45,483.67,276.82,451.57,254.84,501.83,418.32,480.24,339.57,433.58,404.26,373.52,290.72,299.34,280.02,262.56,230.49,271.95,182.68,153.27,273.48,328.57,275.95,205.78,176.42,150.75,233.18,278.32,287.45,300.16,223.24,293.73,341.71,287.84,294.79
125.13,125.64,111.39,85.47,111.48,12.75,97.52,83.88,98.33,133.43,262.23,328.86,731.48,374.73,160.54,382.57,678.93,263.93,335.07,349.08,168.83,183.72,276.68,268.60,314.29,271.21,190.67,271.51,280.15,161.90,140.96,257.72,209.60,195.45,255.68,294.43,262.51,145.14,165.86,258.22,210.41,251.70,254.11,272.46,362.64,267.11,373.29,409.63,348.63,350.97,146.40,56.09,281.94,249.29,269.25,246.93,412.52,323.16,305.95,528.94,462.00,463.03,396.90,394.69,416.56,257.05,409.53,241.08,447.94,361.50,425.06,296.28,384.82,352.56,330.88,270.16,258.75,243.72,246.44,214.20,256.19,173.50,145.89,258.43,308.55,257.61,187.89,162.30,141.47,201.62,241.44,247.63,258.84,185.30,254.04,290.67,270.16,256.10
118.84,119.44,102.16,79.91,101.87,12.08,92.48,77.50,93.62,130.78,259.68,325.08,715.04,369.80,158.76,379.77,663.43,257.89,329.52,344.08,165.24,183.49,257.27,254.12,299.85,258.28,181.03,254.49,264.75,153.46,131.48,250.55,202.16,186.99,241.91,285.27,255.68,137.81,159.06,254.66,209.98,248.87,244.28,267.12,356.14,259.05,366.03,406.90,338.43,350.82,145.43,55.14,279.02,247.12,266.69,243.59,412.12,319.13,302.51,527.87,465.20,468.01,390.54,404.02,412.13,268.28,426.56,245.19,459.03,357.88,427.79,301.36,392.34,347.77,338.11,267.79,262.61,248.40,253.03,217.90,267.70,166.76,139.57,266.76,316.48,269.10,193.22,155.31,135.14,205.94,246.21,254.02,263.09,196.14,265.36,299.00,280.93,263.29
134.69,134.61,113.94,88.51,114.43,13.69,104.70,86.89,105.05,142.64,284.39,344.09,789.99,428.31,181.65,394.86,737.71,285.37,366.53,394.86,193.10,194.46,286.47,280.47,331.89,278.41,201.00,272.83,281.68,170.07,146.42,266.36,218.23,205.06,271.63,320.84,283.43,148.98,172.02,285.83,230.77,277.67,259.08,280.15,395.97,281.84,415.45,439.29,373.79,377.44,157.63,58.96,314.89,273.96,299.11,280.60,468.72,362.44,360.71,594.34,494.24,506.79,441.81,431.10,471.65,282.37,461.48,257.73,503.59,408.04,473.92,337.44,432.77,397.13,373.04,287.36,292.57,279.00,265.19,231.91,275.02,178.61,151.18,274.35,326.00,280.17,207.28,174.39,147.96,233.21,279.22,288.31,294.02,227.88,300.86,342.51,291.85,298.40
120.58,120.43,105.00,81.37,104.49,12.41,93.69,79.75,94.47,125.22,253.12,319.78,672.95,348.88,150.60,371.22,625.51,249.23,317.43,325.05,156.37,180.88,250.51,241.80,298.17,249.76,176.31,252.50,258.49,160.06,134.96,244.79,194.49,177.82,229.46,279.54,246.51,134.91,153.83,251.77,204.89,242.73,241.19,262.41,350.73,245.93,354.65,399.93,320.24,342.29,137.61,54.63,276.43,241.71,263.91,230.93,405.55,314.67,287.27,521.51,451.30,456.55,370.13,389.64,388.98,262.70,411.83,241.09,450.38,336.79,421.36,295.25,384.95,328.94,328.80,259.51,255.24,242.55,248.20,213.55,259.46,165.05,139.82,259.66,301.84,258.34,185.88,159.20,138.51,197.80,241.84,250.13,253.72,184.61,253.24,290.18,268.88,251.30
132.75,132.90,115.18,88.91,115.31,13.60,103.63,87.78,104.27,129.75,276.39,343.77,695.74,373.40,162.91,391.48,645.37,256.61,330.95,345.90,170.65,186.57,269.01,254.58,314.74,265.12,186.11,266.61,276.28,171.91,146.53,262.21,213.15,188.17,256.89,301.32,268.89,149.56,170.75,277.43,230.21,271.34,260.29,283.96,375.61,251.32,391.21,427.38,327.24,373.51,144.90,56.96,312.50,274.26,301.06,253.50,469.75,361.26,313.51,609.49,504.36,512.06,386.13,435.85,408.97,284.20,469.91,261.33,508.11,354.44,484.42,335.04,447.72,346.93,379.58,270.77,296.98,282.08,267.68,233.97,281.21,185.22,158.54,280.18,327.65,291.18,203.82,174.50,146.88,233.91,279.43,286.15,296.78,218.77,293.81,340.18,288.59,291.05
131.62,131.07,112.76,87.22,112.26,13.33,102.16,85.77,102.74,130.13,283.72,338.39,707.74,374.08,161.41,386.66,657.33,256.82,332.45,347.51,167.75,193.18,272.36,271.22,319.94,267.03,189.73,268.58,276.45,169.02,144.86,260.70,217.44,198.72,270.31,316.62,281.42,146.50,168.96,286.76,234.60,279.64,259.15,284.55,384.50,255.10,403.32,431.25,332.01,379.76,144.32,57.44,316.48,277.55,300.88,247.24,468.95,362.49,306.20,601.12,502.39,512.09,394.15,439.84,419.77,288.07,473.00,266.27,512.42,365.04,486.34,339.26,447.09,352.09,383.24,273.95,300.37,282.66,272.85,241.30,283.86,177.04,147.98,283.21,335.93,290.72,214.65,172.74,147.47,234.32,278.87,288.25,296.18,223.01,297.48,341.31,299.78,288.72
122.70,122.55,118.02,89.35,118.00,13.20,96.94,88.51,98.07,133.55,287.80,348.90,704.71,374.97,162.03,412.03,654.03,259.97,333.58,347.83,169.14,187.25,299.51,298.87,340.80,297.32,213.07,293.53,304.39,173.12,153.84,284.16,225.02,216.61,283.51,320.95,288.31,154.26,181.34,284.87,233.66,280.73,276.84,297.35,399.57,263.58,420.11,449.34,338.92,392.56,150.07,57.15,315.55,280.14,305.79,248.95,459.81,361.87,309.56,596.19,508.58,516.36,386.87,437.29,411.85,279.67,456.34,269.87,494.00,357.72,471.47,322.70,433.22,347.49,370.26,271.73,289.36,264.01,261.05,226.72,273.58,169.31,145.88,274.86,331.01,275.75,197.43,160.40,139.29,222.43,266.40,266.77,275.42,197.43,273.81,319.24,279.99,271.13
131.89,131.87,127.28,96.81,127.16,14.08,104.46,95.35,105.71,138.52,319.68,374.01,746.66,403.24,175.56,435.14,691.98,270.25,352.05,375.00,182.06,206.35,333.19,333.25,379.71,327.34,233.09,321.77,329.66,185.17,164.36,299.68,247.23,236.61,319.49,359.03,320.13,164.62,190.13,322.83,261.38,315.38,291.73,311.31,445.15,277.84,464.93,480.36,360.51,423.19,155.50,63.44,351.03,310.32,338.17,274.92,515.89,406.22,343.81,660.13,535.11,548.66,420.26,463.69,444.60,296.31,488.54,281.90,540.68,385.73,516.57,361.67,473.36,372.56,400.46,289.15,319.07,293.54,279.00,242.87,286.35,177.24,151.10,285.97,347.30,291.82,212.95,175.23,150.95,253.48,303.10,306.53,311.94,227.57,309.46,369.72,295.75,307.84
128.59,128.65,122.94,94.35,122.90,13.69,101.59,92.53,102.89,135.99,301.89,352.31,743.99,400.83,176.68,418.74,690.29,268.29,346.72,372.14,184.87,204.00,316.08,317.95,349.52,312.05,227.04,301.46,311.53,176.83,156.22,287.81,228.75,228.24,294.78,351.30,310.14,160.11,184.68,308.91,248.58,300.01,278.96,294.07,413.80,276.06,431.83,454.98,356.09,396.98,153.00,62.66,337.13,295.64,322.62,273.15,496.28,389.26,341.32,627.53,512.61,524.18,411.26,440.20,440.22,281.74,464.28,266.94,515.20,381.73,488.53,350.66,447.99,369.27,379.52,284.85,303.95,279.53,266.52,231.23,273.32,173.13,147.47,277.34,331.67,280.24,202.95,171.75,149.81,240.80,292.68,292.98,299.80,211.75,293.73,346.98,287.36,294.43
118.60,118.83,112.53,86.35,110.90,12.59,93.47,84.34,95.09,123.37,265.77,334.61,645.49,337.30,148.96,391.68,597.13,240.53,307.60,311.75,153.20,191.34,277.56,270.62,317.39,272.42,194.65,277.03,284.97,171.04,149.53,261.68,206.95,193.02,252.38,295.40,263.69,140.94,160.51,268.31,214.57,256.81,256.86,271.65,365.28,246.17,376.42,415.27,314.29,354.34,133.89,57.92,289.69,252.84,272.92,230.50,415.88,329.28,282.63,531.94,459.40,465.67,356.63,397.80,374.41,261.08,412.69,250.62,448.57,323.63,425.47,305.24,391.64,319.04,332.04,260.44,265.12,242.99,249.00,212.10,255.37,159.96,137.99,256.31,305.90,252.41,182.21,158.85,138.28,208.14,252.40,253.89,256.37,180.79,250.25,298.53,261.10,251.83
129.15,129.16,121.76,93.26,122.09,13.66,101.66,91.54,103.13,127.03,291.62,360.39,678.55,368.51,164.18,415.28,628.39,249.87,326.77,342.40,169.95,203.76,304.78,291.89,345.86,298.34,211.11,300.48,309.66,177.40,157.84,283.69,227.47,213.45,289.97,329.96,299.83,155.93,175.11,306.95,250.04,298.74,278.31,296.04,392.26,256.59,412.89,439.97,327.34,387.49,141.47,62.66,333.39,293.93,322.43,257.73,479.33,376.99,314.90,612.54,511.60,521.59,380.72,435.20,404.99,280.22,461.66,270.56,506.85,351.84,488.39,343.22,448.05,343.69,381.89,276.00,304.78,280.89,265.42,230.20,275.07,178.30,156.73,271.43,321.52,277.32,191.65,170.54,145.22,235.23,286.71,282.17,289.24,202.56,277.26,335.23,272.68,278.38
127.00,127.06,119.64,91.96,117.97,13.38,100.09,89.98,101.81,126.72,299.32,353.12,682.56,366.23,161.81,406.01,629.99,247.72,324.12,338.58,167.80,202.54,308.30,312.91,353.73,302.40,218.43,301.60,310.29,176.69,156.90,284.42,233.70,226.44,304.93,343.74,308.24,153.88,177.93,309.47,250.99,300.56,279.51,298.61,407.72,255.65,431.17,449.03,328.82,399.53,140.05,61.84,334.14,295.13,322.72,251.52,485.13,382.73,307.90,622.36,519.32,529.90,378.43,448.66,402.87,286.57,468.66,275.27,513.13,348.81,488.36,346.75,448.84,342.78,383.26,271.58,303.86,276.87,272.34,238.53,278.54,170.85,146.72,276.95,332.71,280.73,205.01,167.80,144.52,236.26,281.66,283.35,286.15,207.65,280.96,334.81,284.14,274.14
134.81,134.79,122.78,94.80,122.94,14.02,105.74,92.98,106.57,128.49,307.02,363.14,703.94,375.94,165.02,415.88,650.68,252.84,329.67,349.82,171.35,201.39,309.20,317.23,357.95,307.21,220.66,305.69,313.95,183.28,162.45,294.22,237.30,228.71,310.83,351.78,312.57,160.22,182.99,315.15,254.18,303.77,283.31,303.94,417.66,259.66,442.06,465.18,333.95,409.96,142.32,61.08,339.98,300.09,328.68,254.78,498.22,391.38,315.42,643.44,538.27,548.70,392.11,470.91,416.60,300.04,494.54,283.25,532.53,362.02,518.32,351.42,467.12,353.41,398.24,273.65,321.44,291.68,284.84,250.25,290.67,176.88,154.88,298.50,355.19,302.92,221.47,177.44,151.57,250.98,298.90,302.02,307.48,227.75,304.61,362.46,305.08,298.70
